-- MySQL dump 10.13  Distrib 5.7.27, for linux-glibc2.12 (x86_64)
--
-- Host: localhost    Database: school
-- ------------------------------------------------------
-- Server version	5.7.27

/*!40101 SET @OLD_CHARACTER_SET_CLIENT=@@CHARACTER_SET_CLIENT */;
/*!40101 SET @OLD_CHARACTER_SET_RESULTS=@@CHARACTER_SET_RESULTS */;
/*!40101 SET @OLD_COLLATION_CONNECTION=@@COLLATION_CONNECTION */;
/*!40101 SET NAMES utf8 */;
/*!40103 SET @OLD_TIME_ZONE=@@TIME_ZONE */;
/*!40103 SET TIME_ZONE='+00:00' */;
/*!40014 SET @OLD_UNIQUE_CHECKS=@@UNIQUE_CHECKS, UNIQUE_CHECKS=0 */;
/*!40014 SET @OLD_FOREIGN_KEY_CHECKS=@@FOREIGN_KEY_CHECKS, FOREIGN_KEY_CHECKS=0 */;
/*!40101 SET @OLD_SQL_MODE=@@SQL_MODE, SQL_MODE='NO_AUTO_VALUE_ON_ZERO' */;
/*!40111 SET @OLD_SQL_NOTES=@@SQL_NOTES, SQL_NOTES=0 */;

--
-- Current Database: `school`
--

CREATE DATABASE /*!32312 IF NOT EXISTS*/ `school` /*!40100 DEFAULT CHARACTER SET utf8 */;

USE `school`;

--
-- Table structure for table `course`
--

DROP TABLE IF EXISTS `course`;
/*!40101 SET @saved_cs_client     = @@character_set_client */;
/*!40101 SET character_set_client = utf8 */;
CREATE TABLE `course` (
  `cno` int(11) NOT NULL COMMENT '课程编号',
  `cname` varchar(20) NOT NULL COMMENT '课程名字',
  `tno` int(11) NOT NULL COMMENT '教师编号',
  PRIMARY KEY (`cno`)
) ENGINE=InnoDB DEFAULT CHARSET=utf8;
/*!40101 SET character_set_client = @saved_cs_client */;

--
-- Dumping data for table `course`
--

LOCK TABLES `course` WRITE;
/*!40000 ALTER TABLE `course` DISABLE KEYS */;
INSERT INTO `course` VALUES (1001,'linux',101),(1002,'python',102),(1003,'mysql',103);
/*!40000 ALTER TABLE `course` ENABLE KEYS */;
UNLOCK TABLES;

--
-- Table structure for table `sc`
--

DROP TABLE IF EXISTS `sc`;
/*!40101 SET @saved_cs_client     = @@character_set_client */;
/*!40101 SET character_set_client = utf8 */;
CREATE TABLE `sc` (
  `sno` int(11) NOT NULL COMMENT '学号',
  `cno` int(11) NOT NULL COMMENT '课程编号',
  `score` int(11) NOT NULL DEFAULT '0' COMMENT '成绩'
) ENGINE=InnoDB DEFAULT CHARSET=utf8;
/*!40101 SET character_set_client = @saved_cs_client */;

--
-- Dumping data for table `sc`
--

LOCK TABLES `sc` WRITE;
/*!40000 ALTER TABLE `sc` DISABLE KEYS */;
INSERT INTO `sc` VALUES (1,1001,80),(1,1002,59),(2,1002,90),(2,1003,100),(3,1001,99),(3,1003,40),(4,1001,79),(4,1002,61),(4,1003,99),(5,1003,40),(6,1001,89),(6,1003,77),(7,1001,67),(7,1003,82),(8,1001,70),(9,1003,80),(10,1003,96);
/*!40000 ALTER TABLE `sc` ENABLE KEYS */;
UNLOCK TABLES;

--
-- Table structure for table `student`
--

DROP TABLE IF EXISTS `student`;
/*!40101 SET @saved_cs_client     = @@character_set_client */;
/*!40101 SET character_set_client = utf8 */;
CREATE TABLE `student` (
  `sno` int(11) NOT NULL AUTO_INCREMENT COMMENT '学号',
  `sname` varchar(20) NOT NULL COMMENT '姓名',
  `sage` tinyint(3) unsigned NOT NULL COMMENT '年龄',
  `ssex` enum('f','m') NOT NULL DEFAULT 'm' COMMENT '性别',
  PRIMARY KEY (`sno`)
) ENGINE=InnoDB AUTO_INCREMENT=11 DEFAULT CHARSET=utf8;
/*!40101 SET character_set_client = @saved_cs_client */;

--
-- Dumping data for table `student`
--

LOCK TABLES `student` WRITE;
/*!40000 ALTER TABLE `student` DISABLE KEYS */;
INSERT INTO `student` VALUES (1,'zhang3',18,'m'),(2,'zhang4',18,'m'),(3,'li4',18,'m'),(4,'wang5',19,'f'),(5,'zh4',18,'m'),(6,'zhao4',18,'m'),(7,'ma6',19,'f'),(8,'oldboy',20,'m'),(9,'oldgirl',20,'f'),(10,'oldp',25,'m');
/*!40000 ALTER TABLE `student` ENABLE KEYS */;
UNLOCK TABLES;

--
-- Table structure for table `teacher`
--

DROP TABLE IF EXISTS `teacher`;
/*!40101 SET @saved_cs_client     = @@character_set_client */;
/*!40101 SET character_set_client = utf8 */;
CREATE TABLE `teacher` (
  `tno` int(11) NOT NULL COMMENT '教师编号',
  `tname` varchar(20) NOT NULL COMMENT '教师名字',
  PRIMARY KEY (`tno`)
) ENGINE=InnoDB DEFAULT CHARSET=utf8;
/*!40101 SET character_set_client = @saved_cs_client */;

--
-- Dumping data for table `teacher`
--

LOCK TABLES `teacher` WRITE;
/*!40000 ALTER TABLE `teacher` DISABLE KEYS */;
INSERT INTO `teacher` VALUES (101,'oldboy'),(102,'hesw'),(103,'oldguo');
/*!40000 ALTER TABLE `teacher` ENABLE KEYS */;
UNLOCK TABLES;
/*!40103 SET TIME_ZONE=@OLD_TIME_ZONE */;

/*!40101 SET SQL_MODE=@OLD_SQL_MODE */;
/*!40014 SET FOREIGN_KEY_CHECKS=@OLD_FOREIGN_KEY_CHECKS */;
/*!40014 SET UNIQUE_CHECKS=@OLD_UNIQUE_CHECKS */;
/*!40101 SET CHARACTER_SET_CLIENT=@OLD_CHARACTER_SET_CLIENT */;
/*!40101 SET CHARACTER_SET_RESULTS=@OLD_CHARACTER_SET_RESULTS */;
/*!40101 SET COLLATION_CONNECTION=@OLD_COLLATION_CONNECTION */;
/*!40111 SET SQL_NOTES=@OLD_SQL_NOTES */;

-- Dump completed on 2023-07-11 18:52:45
